--INSERT DATA INTO SUPPLIER
SELECT * FROM SUPPLIER;

INSERT INTO SUPPLIER
VALUES ('S0001', 'TECK DISTRIBUTORS', 'A1 INDUSTRIAL AREA', 'DELHI', '6372683645', 'TEC@SUP.COM'),
       ('S0002', 'HOME NEEDS LTD', 'B2 MARKET ROAD', 'MUMBAI', '7364526789', 'HOME@SUP.COM'),
	   ('S0003', 'HEALTHCARE HUB', 'C3 WELLNESS STREET', 'CHENNAI', '7456345627', 'HEALTH@SUP.COM'),
	   ('S0004', 'CITY ELECTRONICS', 'D4 SECTOR 17', 'DELHI', '8364538756', 'CITY@SUP.COM'),
	   ('S0005', 'GADGET WORLD', 'E5 MAIN BLVD', 'BANGALORE', '9365245678', 'GADGET@SUP.COM');
--INSERT DATA INTO PRODUCT
SELECT * FROM PRODUCT;

INSERT INTO PRODUCT
VALUES ('P0001','LAPTOP DELL', 55000.00, 'IT', 'S0001'),
       ('P0002','SMARTPHONE SAMSUNG', 25000.00, 'IT', 'S0001'),
	   ('P0003','WASHING MACHINE LG', 32000.00, 'HA', 'S0002'),
	   ('P0004','REFRIGERATOR WHIRLPOOL', 42000.00, 'HA', 'S0002'),
	   ('P0005','BP MONITOR', 3500.00, 'HC', 'S0003'),
	   ('P0006','THERMOMETER DIGITAL', 500.00, 'HC', 'S0003'),
	   ('P0007','BLUETOOTH SPEAKER', 1500.00, 'IT', 'S0004'),
	   ('P0008','MICROWAVE OVEN', 7000.00, 'HA', 'S0002'),
	   ('P0009','FITNESS BAND', 2500.00, 'HC', 'S0003'),
	   ('P0010','TABLET LENOVO', 19000.00, 'IT', 'S0005'),
	   ('P0011','AIR PURIFIER', 11000.00, 'HA', 'S0005'),
	   ('P0012','SMARTWATCH', 9000.00, 'IT', 'S0004'),
	   ('P0013','BLOOD SUGAR KIT', 2800.00, 'HC', 'S0003'),
	   ('P0014','VACUUM CLEANER', 8000.00, 'HA', 'S0005'),
	   ('P0015','KEYBOARD LOGITECH', 1200.00, 'IT', 'S0001');
--INSERT DATA INTO STOCK
SELECT * FROM STOCK;

INSERT INTO STOCK
VALUES ('P0001', 20, 5, 10),
       ('P0002', 15, 5, 10),
	   ('P0003', 10, 4, 5),
	   ('P0004', 8, 3, 5),
	   ('P0005', 25, 10, 10),
	   ('P0006', 50, 20, 20),
	   ('P0007', 40, 10, 10),
	   ('P0008', 12, 4, 6),
	   ('P0009', 30, 8, 10),
	   ('P0010', 18, 5, 10);
--INSERT DATA INTO CUST
SELECT * FROM CUST;

INSERT INTO CUST
VALUES ('C0001', 'AMIT VERMA', 'H.NO 12, GREEN PARK', 'DELHI', '9374563456', 'AMIT@CUST.COM', '1995-08-15'),
       ('C0002', 'REENA GUPTA', '12 MG ROAD', 'MUMBAI', '8356245678', 'REENA@CUST.COM', '1990-11-25'),
	   ('C0003', 'MANISH ROY', 'SECTOR 22', 'CHENNAI', '7354634523', 'MANISH@CUST.COM', '1985-01-05'),
	   ('C0004', 'PRIYA RATHI', 'CIVIL LINES', 'DELHI', '8356473546', 'PRIYA@CUST.COM', '1998-03-18'),
	   ('C0005', 'SUNIL MEHRA', 'RING ROAD', 'BANGALORE', '9845676546', 'SUNIL@CUST.COM', '1992-06-10');
--INSERT DATA INTO ORDERS
SELECT * FROM ORDERS;

INSERT INTO ORDERS
VALUES ('O0001', '2024-06-01', 'P0001', 'C0001', 2),
       ('O0002', '2024-06-02', 'P0003', 'C0002', 1),
	   ('O0003', '2024-06-03', 'P0005', 'C0003', 3),
	   ('O0004', '2024-06-04', 'P0007', 'C0004', 2),
	   ('O0005', '2024-06-05', 'P0010', 'C0005', 1);
